视频名称,发布位置,分区名称,播放数量
藏锋律己，遇见更好的自己,四川,健身,2614474
《绝区零》艾莲角色展示 | 制服·剪刀·鲨鱼尾,上海,手机游戏,2567433
这种「网红糖果」，真的有毒！再火也不要买，不要吃！,浙江,日常,2666938
【原神动画短片】芙宁娜「你可曾知，我爱你」,上海,同人·手书,1238670
上海打车去新疆做好准备正式开始！第一站南京。带本分的出租车司机大姐一个说走就走的旅行，我真的放心。,江苏,美食侦探,1946018
压力上来了！,辽宁,小剧场,4034139
⚡️⚡️鬼   咩   之  刃⚡️⚡️,天津,综合,1022911
穿刺天使、逼疯上帝！罪恶的人类该如何得到救赎？26年前的超宝藏游戏！！,上海,单机游戏,868571
火柴人 VS 几何（Geometry）,北京,同人·手书,3767763
蝙蝠会吃泡面吗？#蝙蝠侠#万物皆有灵性,贵州,日常,1617104
暴打柠檬能打到红温？,广东,搞笑,6491270
挑战一次花光¥100000块，能否买空便利店，所有的零食？,陕西,美食侦探,9889894
当代年轻人的生活辅助神器！,福建,手工,3491249
为了这期视频，差点被烧死,广东,手工,1681110
那条鱼 明明很大啊,湖南,小剧场,3740595
【绝区零入坑指南】第一期：零基础超全面内容介绍：发展思路+卡池副本+战斗机制，全面了解绝区零,河北,手机游戏,1591931
深度|| 南北归一！三百年史诗的最动情吟唱！,天津,人文历史,902861
【自制动画】这样太难看了！带土,山东,绘画,1118063
高考查分时的尴尬瞬间,福建,搞笑,2455700
这应该是全球最强的资源网站了..... 一个视频玩转Github！！！,山东,软件应用,547846
小时候我把健达奇趣蛋装进鸡蛋盒里然后去结账,山东,鬼畜剧场,3644828
我妈以为我回农村住的差 其实……,广西,家居房产,1103034
智者不入爱河，军师不上战场，谋士以身入局！,北京,小剧场,1626833
【家庭版肉夹馍手把手级教程】满屋飘香的卤肉和白吉馍做法，定让你惊艳全家！,吉林,美食制作,708557
《催婚现状》,河南,搞笑,3145327
这到底是做饭还是做法？,陕西,美食制作,1800861
植物大战僵尸融合版1.0预览版宣传片,湖南,单机游戏,2108721
【𝟒𝐊𝟔𝟎𝐅𝐏𝐒】一集封神！七柱集结对战无惨！主公以身入局！自爆削弱无惨！全员进入无限城！最终决战开启！【鬼灭之刃柱训练篇最终回】,广东,综合,1787666
身体：你见过我的全盛时期吗？,江苏,搞笑,811582
雾中人生存P1 开局地狱难度 瞬间团灭的逆天怪物,湖北,单机游戏,2264614
谁教你这样转场的？,广东,数码,1822086
猫！！！！,北京,动漫杂谈,4972085
挑战在游戏里为40万人建小区？欢迎入住！！,陕西,单机游戏,1592654
虚拟群星共同唱响《北京欢迎你》！时代符号再现！这盛世，如你所愿！【官方典藏版】,上海,翻唱,583937
爆改流萤CV宋媛媛！一开口简直流萤本人上号【二次元爆改02】,上海,仿妆cos,1187862
安全员：就没人为我发声吗？,福建,出行,2216667
性格拧巴的人可以多看美剧,北京,日常,1524850
《明日方舟》全新故事「熔炉“还魂”记」活动宣传PV,上海,手机游戏,1296986
杂交版之乒乓球模式,湖北,单机游戏,1727991
今天再给你们整个火壶表演！,山东,搞笑,3569486
谁才是真正的教育家，学生能不清楚吗？,陕西,搞笑,878943
挑战跑刀打造纯金仓库的最后1天！普农跑刀始，普农跑刀终！纯金仓库打造完成！,江苏,手机游戏,1428902
《鸣潮》过场动画 | 天光,广东,手机游戏,1532725
起猛了..深圳校服爆改Lo裙？😲😲😲,上海,手工,1979213
泡咸菜时朋友送来30斤大鱼！？看我怎么收拾它！,重庆,搞笑,619303
《崩坏：星穹铁道》走近星穹——「翡翠：升舱的钱我来出」,上海,手机游戏,957675
你们还有多少事瞒着我们？,广东,搞笑,1375297
买了一堆紫色的假面骑士，一个比一个能打！,上海,模玩·周边,1247340
盘点那些爆火辞职小曲，听完不得把老板炒了？,山东,乐评盘点,1017141
【牛枝组合】银枝宝贝只需要抬音响就行了，而我波提欧要考虑的就多了,四川,手机游戏,871745
【猛男版】怎么用力也走不到你心里…吗？,四川,舞蹈综合,1418005
据说你刚看我视频的时候还是个学生，现在孩子都快上学了,四川,美食记录,870008
HR包装工作，你就包装自己,广东,小剧场,1261145
还记得两年前那个卖车给女儿治病的爸爸吗？今天他带着女儿来找我啦~,广东,汽车生活,886153
我的世界：碳烤悦灵，手机版别做，太快了扛不住,河南,单机游戏,1915941
在日本被樱花妹的媚男程度震撼到了,湖南,校园学习,2927364
曼尼汉堡店2 试玩版,上海,单机游戏,1506817
什么情况？海鲜大餐威力这么大的嘛？,陕西,搞笑,1145928
葫芦娃 你怎么了！,吉林,单机游戏,6785746
BABYMONSTER - ‘FOREVER’ M/V,北京,MV,676795
小熊猫吃苹果咯,山东,野生动物,762351
高考失败=人生完蛋？复读考上交大，进入社会才发现学历只是一张纸，985根本配不上学生的优秀,上海,社科·法律·心理,588840
火柴人VS几何完整解析,福建,科学科普,1715719
当你摸到猫咪的肚子时：,北京,搞笑,1093258
【家有神兽】三战第五集：从海底出击！我军核潜艇亮剑印度洋！,四川,单机游戏,1061347
个人制作 水门传·预告,四川,MAD·AMV,768699
最坎坷的经济崛起，最折磨的现代化之路。朴正熙与韩国（下）【历史调研室52】,江西,人文历史,1003691
【oc动画】毕设进度透露,浙江,绘画,541248
我想给你全世界最浪漫的婚礼，但我好像做不到了......,上海,日常,778237
来 聆 听 留 子 破 防 的 声 音,山东,短片,1990903
从校服到婚纱的十年,广东,日常,586882
一口气看完，怪兽8号！动画第1季+漫画1-109话！怪兽来袭！,上海,动漫杂谈,1201429
瓦达西好内心,贵州,动物二创,1425904
【漫士科普】火柴人vs几何都讲了什么？带你看懂！,美国,科学科普,799956
【原神MMD】希格雯：别紧张哦，放松。要好起来哦！,印度尼西亚,MMD·3D,892701
中国火箭军最新宣传片发布,未知,综合,674261
《北极熊都能看懂的绝区零开服养成秘籍》,安徽,手机游戏,772774
“那天我走向你，像逆行的企鹅走向雪山”,美国,日常,575752
今天肝老板,上海,搞笑,555271
一段动漫打戏，竟然全是中国功夫的杀人技！纯享版,内蒙古,影视杂谈,1956404
《马达加斯加》第4集：荒岛赶海收获罕见犁头鳐和皇帝星斑，就连巨型蜘蛛螺也遍地都是！,河南,出行,2412110
"大庆赶海,退潮后遇见一只切成方块的大海蜇，还有一片沙马蟹",江苏,田园美食,6158068
哈哈哈哈蒙眼打人,山东,搞笑,3010093
用AI续写新闻联播片头曲，没想到燃成这样,安徽,搞笑,934634
巴黎奥运会不到一个月，没开玩笑，留给法国的时间不多了,上海,运动综合,1384608
沉浸式开砚,广西,人文历史,1329435
探秘法国总统一日三餐！都吃些什么？竟然这么豪华！,法国,美食侦探,2634018
《关于同事打一份工赚两份钱这件事》,山东,小剧场,1398792
上岸牛剑哈佛，绝不否认家境，但也不要忽略努力。,浙江,日常,1517474
糟糕 好甜,浙江,颜值·网红舞,751992
来了，全球第一的甜品！,上海,美食制作,905222
一块很特别的西瓜,美国,美食侦探,1702901
《你的马名》,安徽,鬼畜剧场,813825
“Cheems，现在是幻想时间吗？”,广东,搞笑,569267
东莞卤蹄侠炒泡面，18一份。堪称街头天花板,湖南,美食侦探,1181972
我 被 汽 车 炸 弹 袭 击 了！！【C4快乐阴人流#54】,四川,网络游戏,528397
同学聚会时的尴尬（超级无敌宇宙真实啊啊啊啊啊）,广东,搞笑,2239849
买了100个老鼠夹放家里，这回看看老鼠往哪跑,河北,小剧场,3283127
模仿电影搞犯罪，脑子里的水少一点都干不出这蠢事啊！,吉林,影视杂谈,824279
明 知 有 舞，为 何 不 避？,四川,影视剪辑,1507779
